city,lat,lng,country,iso2,admin_name,capital,population,population_proper,easting,northing
London,51.5072,-0.1275,United Kingdom,GB,"London, City of",primary,11262000,8825001,530050.1345340288,180358.38616037142
Birmingham,52.48,-1.9025,United Kingdom,GB,Birmingham,,2919600,1137100,406718.82078330126,286901.64363783784
Portsmouth,50.8058,-1.0872,United Kingdom,GB,Portsmouth,,855679,248440,464415.499548332,101090.69165505155
Southampton,50.9025,-1.4042,United Kingdom,GB,Southampton,,855569,271173,441992.06536387384,111616.19110564544
Nottingham,52.9561,-1.1512,United Kingdom,GB,Nottingham,,729977,289301,457119.3789126248,340195.35999662534
Bristol,51.4536,-2.5975,United Kingdom,GB,"Bristol, City of",,707412,472465,358579.34481964854,172904.82312577125
Manchester,53.479,-2.2452,United Kingdom,GB,Manchester,,547627,547627,383824.19724440813,398058.6499592514
Liverpool,53.4094,-2.9785,United Kingdom,GB,Liverpool,,513441,513441,335051.73957042414,390733.58713138336
Leicester,52.6344,-1.1319,United Kingdom,GB,Leicester,,508916,464395,458847.6624489712,304425.6716622296
Worthing,50.8147,-0.3714,United Kingdom,GB,West Sussex,,474485,109120,514829.39993144467,102947.17601946517
Coventry,52.4081,-1.5106,United Kingdom,GB,Coventry,,362690,362690,433389.0760354115,279011.9777995951
Belfast,54.5964,-5.93,United Kingdom,GB,Belfast,,345006,345006,146242.33288892388,529459.4430125783
Bradford,53.8,-1.75,United Kingdom,GB,Bradford,,293277,293277,416563.8711395148,433773.04782475554
Derby,52.9247,-1.478,United Kingdom,GB,Derby,,270468,255394,435190.6418487583,336492.7903280602
Plymouth,50.3714,-4.1422,United Kingdom,GB,Plymouth,,267918,267918,247759.06907700223,54583.302435204096
Westminster,51.4947,-0.1353,United Kingdom,GB,Westminster,,255324,255324,529544.2613945142,178954.52380501485
Wolverhampton,52.5833,-2.1333,United Kingdom,GB,Wolverhampton,,250970,250970,391065.1003207072,298396.2768137495
Northampton,52.2304,-0.8938,United Kingdom,GB,Northamptonshire,,245899,245899,475648.7260228122,259709.7520861479
Norwich,52.6286,1.2928,United Kingdom,GB,Norfolk,,213166,195971,622944.04527925,308517.5594471789
Luton,51.8783,-0.4147,United Kingdom,GB,Luton,,213052,213052,509223.27903394774,221157.80334331415
Solihull,52.413,-1.778,United Kingdom,GB,Solihull,,206674,206674,415197.20361144934,279467.6078086851
Islington,51.544,-0.1027,United Kingdom,GB,Islington,,206125,206125,531665.0267462996,184494.99308127142
Aberdeen,57.15,-2.11,United Kingdom,GB,Aberdeen City,,200680,200680,393443.4078868908,806574.0810902555
Croydon,51.3727,-0.1099,United Kingdom,GB,Croydon,,192064,192064,531657.3924873499,165433.1100960481
Bournemouth,50.72,-1.88,United Kingdom,GB,,,187503,187503,408567.4911494958,91159.5018065832
Basildon,51.58,0.49,United Kingdom,GB,Essex,,185900,185900,572624.3626436401,189730.54351207148
Maidstone,51.272,0.529,United Kingdom,GB,Kent,,176700,176700,576508.6459605227,155576.43243311267
Ilford,51.5575,0.0858,United Kingdom,GB,Redbridge,,168168,168168,544692.513011106,186352.06470987038
Warrington,53.39,-2.59,United Kingdom,GB,Warrington,,165456,165456,360859.02695543604,388291.3871298932
Oxford,51.75,-1.25,United Kingdom,GB,Oxfordshire,,152000,152000,451872.1365434999,205966.47458434576
Harrow,51.5836,-0.3464,United Kingdom,GB,Harrow,,149246,149246,514667.205881306,188488.6856177097
West Bromwich,52.519,-1.995,United Kingdom,GB,Sandwell,,146386,146386,400436.31892702903,291235.3979558668
Gloucester,51.8667,-2.25,United Kingdom,GB,Gloucestershire,,145563,145563,382882.71597813827,218709.80332694406
York,53.96,-1.08,United Kingdom,GB,York,,141685,141685,460462.0027627358,451937.6361306129
Blackpool,53.8142,-3.0503,United Kingdom,GB,Blackpool,,139305,139305,330943.7981275929,435835.8654991285
Stockport,53.4083,-2.1494,United Kingdom,GB,Stockport,,137130,137130,390165.6645884555,390175.4253378683
Sale,53.424,-2.322,United Kingdom,GB,Trafford,,134022,134022,378699.56236770196,391960.0276243781
Tottenham,51.5975,-0.0681,United Kingdom,GB,Haringey,,129237,129237,533906.9788006182,190507.1811782404
Cambridge,52.2053,0.1192,United Kingdom,GB,Cambridgeshire,,123867,123867,544910.7594757737,258457.75837977976
Romford,51.5768,0.1801,United Kingdom,GB,Havering,,122854,122854,551165.0709632493,188688.86984372494
Colchester,51.8917,0.903,United Kingdom,GB,Essex,,121859,121859,599855.4573380849,225443.4423830026
High Wycombe,51.6287,-0.7482,United Kingdom,GB,Buckinghamshire,,120256,120256,486743.5663072148,192951.34475164785
Gateshead,54.9556,-1.6,United Kingdom,GB,Gateshead,,120046,120046,425714.3927503318,562401.7633333019
Slough,51.5084,-0.5881,United Kingdom,GB,Slough,,119070,119070,498083.1157724573,179774.69375246402
Blackburn,53.748,-2.482,United Kingdom,GB,Blackburn with Darwen,,117963,117963,368311.3229751788,428066.5597153419
Chelmsford,51.73,0.48,United Kingdom,GB,Essex,,115369,115369,571365.0698820738,206386.3353727145
Rochdale,53.61,-2.16,United Kingdom,GB,Rochdale,,110194,110194,389511.4654330693,412616.98478028044
Rotherham,53.43,-1.357,United Kingdom,GB,Rotherham,,109691,109691,442820.4436038093,392771.55922728055
Walthamstow,51.584,-0.021,United Kingdom,GB,Waltham Forest,,109424,109424,537209.6439878596,189093.20408781705
Basingstoke,51.2667,-1.0876,United Kingdom,GB,Hampshire,,107355,107355,463752.8267612402,152344.634073255
Salford,53.483,-2.2931,United Kingdom,GB,Salford,,103886,103886,380647.04746861744,398515.6774444926
Hounslow,51.4668,-0.375,United Kingdom,GB,Hounslow,,103337,103337,512974.1942288959,175455.28232736583
Wembley,51.5528,-0.2979,United Kingdom,GB,Brent,,102856,102856,518107.0508007719,185140.62216298457
Worcester,52.1911,-2.2206,United Kingdom,GB,Worcestershire,,101891,101891,385016.7332027814,254785.12363232957
Hammersmith,51.4928,-0.2229,United Kingdom,GB,Hammersmith and Fulham,,95996,95996,523468.6383922844,178591.97899648512
Rayleigh,51.5864,0.6049,United Kingdom,GB,Essex,,95580,95580,580558.9978541904,190719.6075290389
Hemel Hempstead,51.7526,-0.4692,United Kingdom,GB,Hertfordshire,,94932,94932,505765.5002472743,207098.0340505269
Bath,51.38,-2.36,United Kingdom,GB,Bath and North East Somerset,,94782,94782,375041.725597052,164611.52698571933
Hayes,51.5127,-0.4211,United Kingdom,GB,Hillingdon,,93928,93928,509662.05130560196,180489.64285005897
Darlington,54.527,-1.5526,United Kingdom,GB,Darlington,,93015,93015,429053.8354284994,514727.0611545888
Hove,50.8352,-0.1758,United Kingdom,GB,Brighton and Hove,,91900,91900,528552.0459890258,105548.47157220851
Hastings,50.85,0.57,United Kingdom,GB,East Sussex,,91053,91053,581006.1173591105,108755.77466291204
Watford,51.655,-0.3957,United Kingdom,GB,Hertfordshire,,90301,90301,511077.3333836926,196352.91118056106
Stevenage,51.9017,-0.2019,United Kingdom,GB,Hertfordshire,,89663,89663,523806.3432053956,224100.41264060268
Hartlepool,54.69,-1.21,United Kingdom,GB,Hartlepool,,87995,87995,451022.9233141324,533059.2487438321
Chester,53.19,-2.89,United Kingdom,GB,Cheshire West and Chester,,87507,87507,340630.5311010365,366248.9793631091
Fulham,51.4828,-0.195,United Kingdom,GB,Hammersmith and Fulham,,87161,87161,525432.8212214235,177527.32338978542
Nuneaton,52.523,-1.468,United Kingdom,GB,Warwickshire,,86552,86552,436192.91673535807,291813.18975395046
Ealing,51.5175,-0.2988,United Kingdom,GB,Ealing,,85014,85014,518135.9304877702,181213.59084362857
Aylesbury,51.8168,-0.8124,United Kingdom,GB,Buckinghamshire,,83407,83407,481959.5652614975,213796.7880123891
Edmonton,51.6154,-0.0708,United Kingdom,GB,Enfield,,82472,82472,533667.4401075728,192492.79882162454
Saint Albans,51.755,-0.336,United Kingdom,GB,Hertfordshire,,82146,82146,514953.42571481585,207566.26285407745
Burnley,53.789,-2.248,United Kingdom,GB,Lancashire,,82002,82002,383758.70823124825,432548.851201019
Batley,53.7167,-1.6356,United Kingdom,GB,Kirklees,,80485,80485,424146.3332696906,424537.77987444017
Scunthorpe,53.5809,-0.6502,United Kingdom,GB,North Lincolnshire,,79977,79977,489462.7797574238,410214.2912506411
Dudley,52.508,-2.089,United Kingdom,GB,Dudley,,79379,79379,394056.36137660535,290015.53754981473
Brixton,51.4575,-0.1175,United Kingdom,GB,Lambeth,,78536,78536,530886.1961213235,174849.40669918887
Southall,51.5111,-0.3756,United Kingdom,GB,Ealing,,78253,78253,512823.2178722497,180380.80094541376
Paisley,55.8456,-4.4239,United Kingdom,GB,Renfrewshire,,77220,77220,248335.13436893435,664034.1756806753
Chatham,51.37,0.52,United Kingdom,GB,Medway,,76792,76792,575506.5964195158,166451.43557996064
East Ham,51.5323,0.0554,United Kingdom,GB,Newham,,76186,76186,542664.0170606477,183490.12824299867
Weston-super-Mare,51.346,-2.977,United Kingdom,GB,North Somerset,,76143,76143,332050.73575993045,161221.98628902025
Carlisle,54.8947,-2.9364,United Kingdom,GB,Cumbria,,75399,75399,340040.2339155341,555953.3785222884
South Shields,54.995,-1.43,United Kingdom,GB,South Tyneside,,75337,75337,436565.53438918834,566861.6040383518
East Kilbride,55.7644,-4.1769,United Kingdom,GB,South Lanarkshire,,75120,75120,263513.0918690291,654485.1952702873
Burton upon Trent,52.8019,-1.6367,United Kingdom,GB,Staffordshire,,75074,75074,424590.48001869814,322766.56358451536
Harrogate,53.9919,-1.5378,United Kingdom,GB,North Yorkshire,,73576,73576,430401.32100518217,455194.0302528605
Crewe,53.099,-2.44,United Kingdom,GB,Cheshire East,,73241,73241,370635.5101129591,355845.99590940884
Lowestoft,52.48,1.75,United Kingdom,GB,Suffolk,,70945,70945,654734.6767701438,293509.5965507455
Rugby,52.37,-1.26,United Kingdom,GB,Warwickshire,,70627,70627,450479.6173227772,274918.9324200775
Chingford,51.623,0.009,United Kingdom,GB,Waltham Forest,,70583,70583,539168.7581848138,193486.8081275401
Uxbridge,51.5404,-0.4778,United Kingdom,GB,Hillingdon,,70560,70560,505663.57496551354,183486.76487513946
Walsall,52.58,-1.98,United Kingdom,GB,Walsall,,67594,67594,401452.30045289494,298020.9994224234
Grays,51.475,0.33,United Kingdom,GB,Thurrock,,66843,66843,561911.5677480648,177689.4516618332
Walton upon Thames,51.3868,-0.4133,United Kingdom,GB,Surrey,,66566,66566,510506.5413896782,166500.49179399764
Thornton Heath,51.4002,-0.1086,United Kingdom,GB,Croydon,,65812,65812,531668.9760906297,168493.47301550471
Finchley,51.599,-0.187,United Kingdom,GB,Barnet,,65812,65812,525668.0475646275,190463.04839812737
Kensington,51.5,-0.19,United Kingdom,GB,Kensington and Chelsea,,64681,64681,525732.6964772166,179448.6030519916
Boston,52.974,-0.0214,United Kingdom,GB,Lincolnshire,,64600,64600,532958.2554257031,343681.00911455974
Paignton,50.4353,-3.5625,United Kingdom,GB,Devon,,64410,64410,289130.07173997874,60661.279917934036
Waterlooville,50.88,-1.03,United Kingdom,GB,Hampshire,,64350,64350,468337.64452891523,109393.10453490587
Guiseley,53.875,-1.706,United Kingdom,GB,Leeds,,64000,64000,419427.39585160476,442128.66247744975
Hornchurch,51.5565,0.2128,United Kingdom,GB,Havering,,63583,63583,553499.0556835016,186499.59902277024
Mitcham,51.4009,-0.1517,United Kingdom,GB,Merton,,63393,63393,528669.0589826148,168494.83568903705
Feltham,51.4496,-0.4089,United Kingdom,GB,Hounslow,,63368,63368,510661.07965255406,173490.8348867658
Stourbridge,52.4575,-2.1479,United Kingdom,GB,Dudley,,63298,63298,390047.1369549997,284404.7328429075
Rochester,51.375,0.5,United Kingdom,GB,Medway,,62982,62982,574095.6877166838,166959.72905614547
Dewsbury,53.691,-1.633,United Kingdom,GB,Kirklees,,62945,62945,424332.67203889246,421679.34239867335
Acton,51.5135,-0.2707,United Kingdom,GB,Ealing,,62480,62480,520096.0531438684,180814.46312170988
Twickenham,51.449,-0.337,United Kingdom,GB,Richmond upon Thames,,62148,62148,515658.5719808298,173535.0757160508
Wrecsam,53.046,-2.993,United Kingdom,GB,Wrexham,,61603,61603,333526.4583523979,350320.6166231735
Ellesmere Port,53.279,-2.897,United Kingdom,GB,Cheshire West and Chester,,61090,61090,340287.04396348045,376155.6794731948
Bangor,54.66,-5.67,United Kingdom,GB,Ards and North Down,,61011,61011,163398.9353442998,535622.901715829
Taunton,51.019,-3.1,United Kingdom,GB,Somerset,,60479,60479,322940.13109376485,124978.87113039958
Loughborough,52.7725,-1.2078,United Kingdom,GB,Leicestershire,,59932,59932,453542.13350578654,319728.3162847538
Barking,51.54,0.08,United Kingdom,GB,Barking and Dagenham,,59068,59068,544345.8166225584,184394.59672710538
Edgware,51.6185,-0.2729,United Kingdom,GB,Barnet,,58619,58619,519667.64989755035,192487.53295608284
Littlehampton,50.8094,-0.5409,United Kingdom,GB,West Sussex,,58357,58357,502900.4953030892,102108.43710469469
Ruislip,51.576,-0.433,United Kingdom,GB,Hillingdon,,58217,58217,508685.53975023783,187511.36787751305
Streatham,51.4279,-0.1235,United Kingdom,GB,Lambeth,,58055,58055,530553.6882230658,171547.12316388526
Royal Tunbridge Wells,51.132,0.263,United Kingdom,GB,Kent,,57772,57772,558435.2227349925,139403.96860506348
Bebington,53.35,-3.003,United Kingdom,GB,Wirral,,57336,57336,333330.274545848,384148.11807460076
Macclesfield,53.25,-2.13,United Kingdom,GB,Cheshire East,,56581,56581,391423.2129553093,372561.83844606695
Wellingborough,52.3028,-0.6944,United Kingdom,GB,Northamptonshire,,56564,56564,489121.79077124584,267988.91791650275
Kettering,52.3931,-0.7229,United Kingdom,GB,Northamptonshire,,56226,56226,487001.3082373467,277997.9491543136
Braintree,51.878,0.55,United Kingdom,GB,Essex,,55792,55792,575622.5859132815,223010.08277679695
Royal Leamington Spa,52.2919,-1.5358,United Kingdom,GB,Warwickshire,,55733,55733,431757.68719076394,266075.53995893046
Barrow in Furness,54.1108,-3.2261,United Kingdom,GB,Cumbria,,55489,55489,319940.5038515154,469019.8207112716
Dunfermline,56.0719,-3.4393,United Kingdom,GB,Fife,,53100,53100,310500.1225421731,687497.7937573557
Altrincham,53.3838,-2.3547,United Kingdom,GB,Trafford,,52419,52419,376504.3136117597,387498.0096261956
Lancaster,54.0489,-2.8014,United Kingdom,GB,Lancashire,,52234,52234,347626.8212369344,461734.5843215075
Crosby,53.4872,-3.0343,United Kingdom,GB,Sefton,,51789,51789,331468.11178589065,399441.02829708
Bootle,53.4457,-2.9891,United Kingdom,GB,Sefton,,51394,51394,334403.13351511897,394781.6175241597
Stratford,51.5423,-0.0026,United Kingdom,GB,Newham,,51387,51387,538611.0105664728,184490.72605545976
Folkestone,51.0792,1.1794,United Kingdom,GB,Kent,,51337,51337,622796.1788259128,135906.20281069132
Cumbernauld,55.945,-3.994,United Kingdom,GB,North Lanarkshire,,50920,50920,275566.137844636,674235.646227915
Andover,51.208,-1.48,United Kingdom,GB,Hampshire,,50887,50887,436422.2746750749,145549.7114627364
Neath,51.66,-3.81,United Kingdom,GB,Neath Port Talbot,,50658,50658,274901.15370125533,197242.39748713456
Rowley Regis,52.488,-2.05,United Kingdom,GB,Sandwell,,50257,50257,396701.84976018727,287788.2691270302
Scarborough,54.2825,-0.4,United Kingdom,GB,North Yorkshire,,50135,50135,504264.4485753476,488609.872330031
Leith,55.98,-3.17,United Kingdom,GB,"Edinburgh, City of",,50030,50030,327090.17212199344,676953.1885403353
Yeovil,50.9452,-2.637,United Kingdom,GB,Somerset,,49698,49698,355344.618724173,116389.1102327492
Eltham,51.451,0.052,United Kingdom,GB,Greenwich,,48964,48964,542681.6463656481,174442.91017852293
Hampstead,51.5541,-0.1744,United Kingdom,GB,Camden,,48858,48858,526665.3414504754,185491.65076585696
Sutton in Ashfield,53.125,-1.261,United Kingdom,GB,Nottinghamshire,,48527,48527,449549.57854940067,358902.79005747905
Morden,51.4015,-0.1949,United Kingdom,GB,Merton,,48233,48233,525662.535576034,168486.67153730942
Barnet,51.6444,-0.1997,United Kingdom,GB,Barnet,,47359,47359,524664.1077694364,195490.07986481464
Stretford,53.4466,-2.3086,United Kingdom,GB,Trafford,,46910,46910,379600.91553688905,394470.4014205813
Beckenham,51.408,-0.022,United Kingdom,GB,Bromley,,46844,46844,537669.248844838,169519.83408239955
Greenford,51.5299,-0.3488,United Kingdom,GB,Ealing,,46787,46787,514635.7398510895,182513.0988943493
Cheshunt,51.702,-0.035,United Kingdom,GB,Hertfordshire,,45832,45832,535886.7694181707,202189.15544267697
Kirkby,53.48,-2.89,United Kingdom,GB,Knowsley,,45564,45564,341032.6617405772,398510.75495786185
Salisbury,51.07,-1.79,United Kingdom,GB,Wiltshire,,45477,45477,414810.3105416964,130095.3456497142
Ashton,53.4897,-2.0952,United Kingdom,GB,Tameside,,45198,45198,393780.864935583,399225.26689596585
Surbiton,51.394,-0.307,United Kingdom,GB,Kingston upon Thames,,45132,45132,517884.4407635012,167466.58647564746
Castleford,53.716,-1.356,United Kingdom,GB,Wakefield,,45106,45106,442599.23212103493,424590.72861804883
Catford,51.4452,-0.0207,United Kingdom,GB,Lewisham,,44905,44905,537647.9066687913,173658.9332408994
Worksop,53.3042,-1.1244,United Kingdom,GB,Nottinghamshire,,44733,44733,458446.4390777038,378940.9711283111
Morley,53.7492,-1.6023,United Kingdom,GB,Leeds,,44440,44440,426323.75428520114,428165.4384655225
Merthyr Tudful,51.743,-3.378,United Kingdom,GB,Merthyr Tydfil,,43820,43820,304954.8398662433,205820.80815286806
Middleton,53.555,-2.187,United Kingdom,GB,Rochdale,,42972,42972,387708.982559503,406502.27645273716
Fleet,51.2834,-0.8456,United Kingdom,GB,Hampshire,,42835,42835,480607.0440603491,154439.3016997051
Fareham,50.85,-1.18,United Kingdom,GB,Hampshire,,42210,42210,457822.05471352086,105929.1822564945
Urmston,53.4487,-2.3747,United Kingdom,GB,Trafford,,41825,41825,375211.95014580834,394725.0777166367
Sutton,51.3656,-0.1963,United Kingdom,GB,Sutton,,41483,41483,525663.3687741158,164492.11373569566
Caerphilly,51.578,-3.218,United Kingdom,GB,Caerphilly,,41402,41402,315695.3019061629,187273.9355494033
Bridgwater,51.128,-2.993,United Kingdom,GB,Somerset,,41276,41276,330608.6588497415,136993.61305835345
Newbury,51.401,-1.323,United Kingdom,GB,West Berkshire,,41075,41075,447191.8950260986,167102.72586579417
Welling,51.4594,0.1097,United Kingdom,GB,Bexley,,41000,41000,546663.6756316329,175490.8828016598
Kingswood,51.46,-2.505,United Kingdom,GB,South Gloucestershire,,40734,40734,365011.5726685744,173568.20974032045
Dunstable,51.886,-0.521,United Kingdom,GB,Central Bedfordshire,,40699,40699,501888.9662822549,221860.22272506426
Ramsgate,51.336,1.416,United Kingdom,GB,Kent,,40408,40408,638036.6571238368,165196.972276695
Strood,51.393,0.478,United Kingdom,GB,Medway,,40000,40000,572497.0379656114,168909.18949407525
Cleethorpes,53.5533,-0.0215,United Kingdom,GB,North East Lincolnshire,,38996,38996,531167.9211193266,408117.0471887428
Pinner,51.5932,-0.3894,United Kingdom,GB,Harrow,,38698,38698,511664.59129026387,189489.788625087
Great Yarmouth,52.606,1.729,United Kingdom,GB,Norfolk,,38693,38693,652584.547583803,307443.76828678884
Ilkeston,52.9711,-1.3092,United Kingdom,GB,Derbyshire,,38640,38640,446489.0829310338,341750.19876772707
Chorley,53.653,-2.632,United Kingdom,GB,Lancashire,,38420,38420,358325.44985771715,417574.8108936151
Herne Bay,51.37,1.13,United Kingdom,GB,Kent,,38385,38385,617958.5644298334,168087.74168121186
Bishops Stortford,51.872,0.1725,United Kingdom,GB,Hertfordshire,,38202,38202,549661.0036750268,221500.1255821337
Arnold,53.005,-1.127,United Kingdom,GB,Nottinghamshire,,37768,37768,458678.9334028032,345654.5444907746
Coalville,52.724,-1.369,United Kingdom,GB,Leicestershire,,37661,37661,442714.34315188887,314225.73896138114
Bletchley,51.994,-0.732,United Kingdom,GB,Milton Keynes,,37520,37520,487158.207758059,233597.93243480468
Leighton Buzzard,51.9165,-0.6617,United Kingdom,GB,Central Bedfordshire,,37469,37469,492143.37725003937,225065.03273335175
Airdrie,55.86,-3.98,United Kingdom,GB,North Lanarkshire,,37410,37410,276169.54935563024,664752.2106751103
Blyth,55.126,-1.514,United Kingdom,GB,Northumberland,,37339,37339,431090.11330318666,581399.0063435604
Laindon,51.574,0.4181,United Kingdom,GB,Essex,,37175,37175,567665.2906636284,188896.1330785909
Llanelli,51.684,-4.163,United Kingdom,GB,Carmarthenshire,,37050,37050,250566.09781277506,200575.50584277947
Beeston,52.927,-1.215,United Kingdom,GB,Nottinghamshire,,37000,37000,452868.7712473761,336909.48190981586
Small Heath,52.4629,-1.8542,United Kingdom,GB,Birmingham,,36898,36898,410002.98713347706,285005.0376355367
Whitley Bay,55.0456,-1.4443,United Kingdom,GB,North Tyneside,,36623,36623,435605.9314972228,572485.0590074194
Denton,53.4554,-2.1122,United Kingdom,GB,Tameside,,36591,36591,392646.8871853948,395410.90442940977
West Bridgford,52.932,-1.127,United Kingdom,GB,Nottinghamshire,,36487,36487,458777.6858807002,337533.95725400164
Borehamwood,51.6578,-0.2722,United Kingdom,GB,Hertfordshire,,36322,36322,519612.75313191145,196859.13968565827
Falkirk,56.0011,-3.7835,United Kingdom,GB,Falkirk,,35850,35850,288872.0561382206,680119.2698840114
Walkden,53.5239,-2.3991,United Kingdom,GB,Salford,,35616,35616,373638.3153060053,403100.1296915859
Kenton,51.5878,-0.3086,United Kingdom,GB,Brent,,35600,35600,517275.2231093256,189015.65903828182
Bridlington,54.0819,-0.1923,United Kingdom,GB,East Riding of Yorkshire,,35264,35264,518356.28910252557,466619.664550147
Billingham,54.61,-1.27,United Kingdom,GB,Stockton-on-Tees,,35165,35165,447247.75308986625,524115.56610229134
Grantham,52.918,-0.638,United Kingdom,GB,Lincolnshire,,34592,34592,491674.9708585938,336488.1207615846
North Shields,55.0097,-1.4448,United Kingdom,GB,North Tyneside,,34423,34423,435605.6905800634,568489.816172237
Hitchin,51.947,-0.283,United Kingdom,GB,Hertfordshire,,34266,34266,518108.19499959855,229003.64718719252
Spalding,52.7858,-0.1529,United Kingdom,GB,Lincolnshire,,34113,34113,524667.2314919536,322512.67766043346
Rainham,51.36,0.61,United Kingdom,GB,Medway,,34088,34088,581809.8907146773,165558.7273469391
Letchworth,51.978,-0.23,United Kingdom,GB,Hertfordshire,,33986,33986,521666.7757066667,232538.5334495387
Wickford,51.6114,0.5207,United Kingdom,GB,Essex,,33486,33486,574630.76402984,193294.93407983775
Huyton,53.4111,-2.8403,United Kingdom,GB,Knowsley,,33193,33193,344240.5892383427,390805.5943727206
Abingdon,51.6717,-1.2783,United Kingdom,GB,Oxfordshire,,33130,33130,450004.5708146138,197238.36178543168
Trowbridge,51.32,-2.208,United Kingdom,GB,Wiltshire,,33108,33108,385601.4849895665,157897.706195217
Wigston Magna,52.5812,-1.093,United Kingdom,GB,Leicestershire,,32321,32321,461554.65943436447,298540.42702669936
Didcot,51.606,-1.241,United Kingdom,GB,Oxfordshire,,32183,32183,452659.82812379615,189957.54176294967
Earley,51.433,-0.933,United Kingdom,GB,Wokingham,,32036,32036,474269.7673059285,170984.08461590344
Bexleyheath,51.459,0.138,United Kingdom,GB,Bexley,,31929,31929,548630.8564713623,175503.41981051437
Ecclesfield,53.4429,-1.4698,United Kingdom,GB,Sheffield,,31609,31609,435315.0477346856,394145.1084761533
Darwen,53.698,-2.461,United Kingdom,GB,Blackburn with Darwen,,31570,31570,369660.08642571414,422494.48737739166
Prestwich,53.5333,-2.2833,United Kingdom,GB,Bury,,31500,31500,381319.6486865877,404109.131984699
Pontypridd,51.602,-3.342,United Kingdom,GB,Rhondda Cynon Taff,,31206,31206,307152.06185402215,190093.45008016587
Rutherglen,55.828,-4.214,United Kingdom,GB,Glasgow City,,31190,31190,261412.04042210834,661635.506089006
Dover,51.1295,1.3089,United Kingdom,GB,Kent,,31022,31022,631613.2737297873,141897.9344632356
Chichester,50.8365,-0.7792,United Kingdom,GB,West Sussex,,30925,30925,486061.325702031,104817.60603270709
Deal,51.2226,1.4006,United Kingdom,GB,Kent,,30917,30917,637548.6608251786,152540.44775495757
Bicester,51.9,-1.15,United Kingdom,GB,Oxfordshire,,30854,30854,458580.89724783454,222725.13680990745
Northolt,51.5467,-0.37,United Kingdom,GB,Ealing,,30304,30304,513123.6230741957,184348.4100662578
Wishaw,55.7742,-3.9183,United Kingdom,GB,North Lanarkshire,,30290,30290,279766.26543074613,655096.09910262
Carshalton,51.3652,-0.1676,United Kingdom,GB,Sutton,,29917,29917,527662.3176440438,164497.16157747043
Bulwell,53.001,-1.197,United Kingdom,GB,Nottingham,,29771,29771,453986.7286712687,345154.71953099367
Newtownards,54.591,-5.68,United Kingdom,GB,Ards and North Down,,29677,29677,162351.86154346284,527983.9043628848
Kendal,54.326,-2.745,United Kingdom,GB,Cumbria,,29593,29593,351644.7147178311,492525.56897177093
Cramlington,55.082,-1.585,United Kingdom,GB,Northumberland,,29405,29405,426591.5758123144,576473.3550369013
Bromsgrove,52.3353,-2.0579,United Kingdom,GB,Worcestershire,,29237,29237,396151.7483738845,270803.2524510684
Pont-y-pŵl,51.703,-3.041,United Kingdom,GB,Torfaen,,29062,29062,328158.3198398689,200986.32538350497
Hanwell,51.509,-0.338,United Kingdom,GB,Ealing,,28768,28768,515437.64155196655,180205.8436777661
Frome,51.2279,-2.3215,United Kingdom,GB,Somerset,,28559,28559,377647.055428122,147683.65018394744
Wood Green,51.5981,-0.1149,United Kingdom,GB,Haringey,,28453,28453,530663.9918716394,190489.2762514592
Darlaston,52.5708,-2.0457,United Kingdom,GB,Walsall,,27821,27821,396999.6991799576,296998.4280743133
Ashington,55.181,-1.568,United Kingdom,GB,Northumberland,,27764,27764,427608.73052393476,587497.0088193711
Longton,52.9877,-2.1327,United Kingdom,GB,Stoke-on-Trent,,27214,27214,391188.8928537237,343382.0297876379
Melton Mowbray,52.7661,-0.886,United Kingdom,GB,Leicestershire,,27158,27158,475262.44717688975,319303.9024526196
Aldridge,52.606,-1.9179,United Kingdom,GB,Walsall,,26988,26988,405657.02559085004,300916.1324327831
Farnworth,53.5452,-2.3999,United Kingdom,GB,Bolton,,26939,26939,373598.5882655706,405470.14367361215
Highbury,51.552,-0.097,United Kingdom,GB,Islington,,26664,26664,532037.1159426859,185394.88897410384
Cheadle Hulme,53.3761,-2.1897,United Kingdom,GB,Stockport,,26479,26479,387477.0896774517,386599.4783048772
Newton Aycliffe,54.62,-1.58,United Kingdom,GB,Durham,,26415,26415,427218.727171504,525064.5674888057
Bournville,52.4299,-1.9355,United Kingdom,GB,Birmingham,,25938,25938,404482.5513441691,281326.27858401154
Shenley Brook End,52.009,-0.789,United Kingdom,GB,Milton Keynes,,25828,25828,483216.9242240693,235199.52996458573
Consett,54.85,-1.83,United Kingdom,GB,Durham,,25812,25812,411013.49880892626,550590.6285690519
Coulsdon,51.3211,-0.1386,United Kingdom,GB,Croydon,,25695,25695,529805.4852317619,159644.04883696203
Bilston,52.566,-2.0728,United Kingdom,GB,Wolverhampton,,25576,25576,395162.4299507751,296466.0060824218
Wellington,52.7001,-2.5157,United Kingdom,GB,Telford and Wrekin,,25554,25554,365248.06088041776,311505.41537394363
Bishop Auckland,54.663,-1.676,United Kingdom,GB,Durham,,25455,25455,420997.65739337215,529816.6045276828
Longbridge,52.395,-1.979,United Kingdom,GB,Birmingham,,25410,25410,401525.9697913727,277442.47553025256
Bloxwich,52.614,-2.004,United Kingdom,GB,Walsall,,25401,25401,399826.2411632053,301802.89800905564
Upminster,51.5557,0.2512,United Kingdom,GB,Havering,,25361,25361,556163.5678135386,186491.884714956
Rhyl,53.321,-3.48,United Kingdom,GB,Denbighshire,,25149,25149,301512.4530020902,381474.3110584063
Droitwich,52.267,-2.153,United Kingdom,GB,Worcestershire,,25027,25027,389655.70396072255,263215.5889527976
Hindley,53.5355,-2.5658,United Kingdom,GB,Wigan,,25001,25001,362596.9474648067,404465.5402279387
Westhoughton,53.549,-2.529,United Kingdom,GB,Bolton,,24974,24974,365047.1428325209,405948.7171982988
Broadstairs,51.3589,1.4394,United Kingdom,GB,Kent,,24903,24903,639546.6677891014,167818.9602381098
